Sample,2Theta,Raw Intensity,Offsetted Intensity
Con 1,5,246.1,296.1
Con 1,5.05,199.326,249.326
Con 1,5.1,164.095,214.095
Con 1,5.15,223.567,273.567
Con 1,5.2,187.83,237.83
Con 1,5.25,215.064,265.064
Con 1,5.3,204.997,254.997
Con 1,5.35,196.022,246.022
Con 1,5.4,188.818,238.818
Con 1,5.45,173.371,223.371
Con 1,5.5,227.448,277.448
Con 1,5.55,179.01,229.01
Con 1,5.6,272.676,322.676
Con 1,5.65,211.053,261.053
Con 1,5.7,209.751,259.751
Con 1,5.75,203.49,253.49
Con 1,5.8,187.035,237.035
Con 1,5.85,215.454,265.454
Con 1,5.9,223.345,273.345
Con 1,5.95,194.248,244.248
Con 1,6,186.142,236.142
Con 1,6.05,206.874,256.874
Con 1,6.1,190.362,240.362
Con 1,6.15,185.429,235.429
Con 1,6.2,227.92,277.92
Con 1,6.25,245.838,295.838
Con 1,6.3,253.845,303.845
Con 1,6.35,202.567,252.567
Con 1,6.4,185.264,235.264
Con 1,6.45,244.207,294.207
Con 1,6.5,168.852,218.852
Con 1,6.55,167.874,217.874
Con 1,6.6,200.705,250.705
Con 1,6.65,203.205,253.205
Con 1,6.7,209.766,259.766
Con 1,6.75,200.368,250.368
Con 1,6.8,196.93,246.93
Con 1,6.85,209.721,259.721
Con 1,6.9,207.895,257.895
Con 1,6.95,182.533,232.533
Con 1,7,193.96,243.96
Con 1,7.05,214.384,264.384
Con 1,7.1,224.123,274.123
Con 1,7.15,203.314,253.314
Con 1,7.2,227.791,277.791
Con 1,7.25,220.391,270.391
Con 1,7.3,214.136,264.136
Con 1,7.35,183.182,233.182
Con 1,7.4,209.902,259.902
Con 1,7.45,187.995,237.995
Con 1,7.5,220.856,270.856
Con 1,7.55,229.497,279.497
Con 1,7.6,194.771,244.771
Con 1,7.65,219.16,269.16
Con 1,7.7,197.705,247.705
Con 1,7.75,226.872,276.872
Con 1,7.8,204.884,254.884
Con 1,7.85,224.667,274.667
Con 1,7.9,206.695,256.695
Con 1,7.95,204.591,254.591
Con 1,8,221.082,271.082
Con 1,8.05,193.168,243.168
Con 1,8.1,219.19,269.19
Con 1,8.15,210.711,260.711
Con 1,8.2,203.068,253.068
Con 1,8.25,200.04,250.04
Con 1,8.3,228.767,278.767
Con 1,8.35,230.48,280.48
Con 1,8.4,219.505,269.505
Con 1,8.45,223.907,273.907
Con 1,8.5,226.338,276.338
Con 1,8.55,230.575,280.575
Con 1,8.6,219.635,269.635
Con 1,8.65,212.166,262.166
Con 1,8.7,194.57,244.57
Con 1,8.75,173.803,223.803
Con 1,8.8,220.964,270.964
Con 1,8.85,229.253,279.253
Con 1,8.9,233.26,283.26
Con 1,8.95,233.778,283.778
Con 1,9,213.175,263.175
Con 1,9.05,226.887,276.887
Con 1,9.1,218.982,268.982
Con 1,9.15,222.164,272.164
Con 1,9.2,210.862,260.862
Con 1,9.25,234.939,284.939
Con 1,9.3,239.12,289.12
Con 1,9.35,228.858,278.858
Con 1,9.4,250.678,300.678
Con 1,9.45,243.986,293.986
Con 1,9.5,235.148,285.148
Con 1,9.55,239.069,289.069
Con 1,9.6,270.282,320.282
Con 1,9.65,215.477,265.477
Con 1,9.7,209.858,259.858
Con 1,9.75,224.725,274.725
Con 1,9.8,253.204,303.204
Con 1,9.85,244.106,294.106
Con 1,9.9,202.196,252.196
Con 1,9.95,229.089,279.089
Con 1,10,217.013,267.013
Con 1,10.05,256.342,306.342
Con 1,10.1,244.611,294.611
Con 1,10.15,209.471,259.471
Con 1,10.2,241.787,291.787
Con 1,10.25,267.188,317.188
Con 1,10.3,228.736,278.736
Con 1,10.35,217.535,267.535
Con 1,10.4,239.025,289.025
Con 1,10.45,246.982,296.982
Con 1,10.5,260.918,310.918
Con 1,10.55,276.241,326.241
Con 1,10.6,229.024,279.024
Con 1,10.65,256.229,306.229
Con 1,10.7,254.392,304.392
Con 1,10.75,235.268,285.268
Con 1,10.8,251.43,301.43
Con 1,10.85,210.1,260.1
Con 1,10.9,220.221,270.221
Con 1,10.95,267.562,317.562
Con 1,11,202.837,252.837
Con 1,11.05,236.405,286.405
Con 1,11.1,255.132,305.132
Con 1,11.15,253.562,303.562
Con 1,11.2,245.919,295.919
Con 1,11.25,233.989,283.989
Con 1,11.3,256.407,306.407
Con 1,11.35,267.101,317.101
Con 1,11.4,246.993,296.993
Con 1,11.45,214.062,264.062
Con 1,11.5,216.995,266.995
Con 1,11.55,273.17,323.17
Con 1,11.6,250.914,300.914
Con 1,11.65,220.59,270.59
Con 1,11.7,254.62,304.62
Con 1,11.75,251.106,301.106
Con 1,11.8,297.875,347.875
Con 1,11.85,236.442,286.442
Con 1,11.9,233.097,283.097
Con 1,11.95,245.583,295.583
Con 1,12,204.472,254.472
Con 1,12.05,230.289,280.289
Con 1,12.1,251.665,301.665
Con 1,12.15,241.334,291.334
Con 1,12.2,224.267,274.267
Con 1,12.25,271.277,321.277
Con 1,12.3,235.5,285.5
Con 1,12.35,252.04,302.04
Con 1,12.4,239.672,289.672
Con 1,12.45,253.717,303.717
Con 1,12.5,241.834,291.834
Con 1,12.55,240.072,290.072
Con 1,12.6,214.002,264.002
Con 1,12.65,258.211,308.211
Con 1,12.7,231.07,281.07
Con 1,12.75,311.68,361.68
Con 1,12.8,265.216,315.216
Con 1,12.85,294.955,344.955
Con 1,12.9,280.755,330.755
Con 1,12.95,243.562,293.562
Con 1,13,245.464,295.464
Con 1,13.05,276.11,326.11
Con 1,13.1,256.332,306.332
Con 1,13.15,244.497,294.497
Con 1,13.2,283.961,333.961
Con 1,13.25,259.855,309.855
Con 1,13.3,270.95,320.95
Con 1,13.35,259.319,309.319
Con 1,13.4,274.608,324.608
Con 1,13.45,241.463,291.463
Con 1,13.5,229.806,279.806
Con 1,13.55,279.678,329.678
Con 1,13.6,240.583,290.583
Con 1,13.65,262.486,312.486
Con 1,13.7,277.82,327.82
Con 1,13.75,234.151,284.151
Con 1,13.8,227.939,277.939
Con 1,13.85,255.722,305.722
Con 1,13.9,252.036,302.036
Con 1,13.95,255.044,305.044
Con 1,14,264.936,314.936
Con 1,14.05,254.648,304.648
Con 1,14.1,257.88,307.88
Con 1,14.15,255.007,305.007
Con 1,14.2,278.973,328.973
Con 1,14.25,265.905,315.905
Con 1,14.3,265.209,315.209
Con 1,14.35,272.52,322.52
Con 1,14.4,251.821,301.821
Con 1,14.45,265.295,315.295
Con 1,14.5,257.285,307.285
Con 1,14.55,242.898,292.898
Con 1,14.6,247.474,297.474
Con 1,14.65,281.427,331.427
Con 1,14.7,231.701,281.701
Con 1,14.75,281.094,331.094
Con 1,14.8,277.468,327.468
Con 1,14.85,281.196,331.196
Con 1,14.9,251.019,301.019
Con 1,14.95,254.3,304.3
Con 1,15,304.267,354.267
Con 1,15.05,292.838,342.838
Con 1,15.1,254.976,304.976
Con 1,15.15,272.008,322.008
Con 1,15.2,284.803,334.803
Con 1,15.25,246.845,296.845
Con 1,15.3,277.334,327.334
Con 1,15.35,267.472,317.472
Con 1,15.4,252.408,302.408
Con 1,15.45,251.153,301.153
Con 1,15.5,283.573,333.573
Con 1,15.55,256.524,306.524
Con 1,15.6,282.834,332.834
Con 1,15.65,236.44,286.44
Con 1,15.7,292.855,342.855
Con 1,15.75,260.536,310.536
Con 1,15.8,285.893,335.893
Con 1,15.85,258.085,308.085
Con 1,15.9,311.81,361.81
Con 1,15.95,283.544,333.544
Con 1,16,268.281,318.281
Con 1,16.05,242.064,292.064
Con 1,16.1,240.337,290.337
Con 1,16.15,215.755,265.755
Con 1,16.2,266.695,316.695
Con 1,16.25,301.067,351.067
Con 1,16.3,245.793,295.793
Con 1,16.35,283.67,333.67
Con 1,16.4,262.411,312.411
Con 1,16.45,242.437,292.437
Con 1,16.5,263.605,313.605
Con 1,16.55,257.599,307.599
Con 1,16.6,268.589,318.589
Con 1,16.65,253.823,303.823
Con 1,16.7,256.454,306.454
Con 1,16.75,247.479,297.479
Con 1,16.8,282.857,332.857
Con 1,16.85,266.27,316.27
Con 1,16.9,241.468,291.468
Con 1,16.95,232.817,282.817
Con 1,17,247.32,297.32
Con 1,17.05,256.06,306.06
Con 1,17.1,250.332,300.332
Con 1,17.15,241.519,291.519
Con 1,17.2,291.49,341.49
Con 1,17.25,285.676,335.676
Con 1,17.3,289.287,339.287
Con 1,17.35,268.152,318.152
Con 1,17.4,242.902,292.902
Con 1,17.45,237.583,287.583
Con 1,17.5,238.566,288.566
Con 1,17.55,277.507,327.507
Con 1,17.6,295.433,345.433
Con 1,17.65,249.288,299.288
Con 1,17.7,252.537,302.537
Con 1,17.75,258.069,308.069
Con 1,17.8,295.008,345.008
Con 1,17.85,298.071,348.071
Con 1,17.9,256.085,306.085
Con 1,17.95,225.975,275.975
Con 1,18,262.356,312.356
Con 1,18.05,268.54,318.54
Con 1,18.1,274.563,324.563
Con 1,18.15,252.292,302.292
Con 1,18.2,249.235,299.235
Con 1,18.25,245.516,295.516
Con 1,18.3,244.947,294.947
Con 1,18.35,237.426,287.426
Con 1,18.4,271.736,321.736
Con 1,18.45,294.602,344.602
Con 1,18.5,228.63,278.63
Con 1,18.55,264.784,314.784
Con 1,18.6,282.405,332.405
Con 1,18.65,275.586,325.586
Con 1,18.7,306.647,356.647
Con 1,18.75,307.83,357.83
Con 1,18.8,266.596,316.596
Con 1,18.85,273.098,323.098
Con 1,18.9,246.453,296.453
Con 1,18.95,262.264,312.264
Con 1,19,231.355,281.355
Con 1,19.05,291.203,341.203
Con 1,19.1,260.901,310.901
Con 1,19.15,308.248,358.248
Con 1,19.2,284.329,334.329
Con 1,19.25,296.334,346.334
Con 1,19.3,275.142,325.142
Con 1,19.35,270.68,320.68
Con 1,19.4,275.575,325.575
Con 1,19.45,285.613,335.613
Con 1,19.5,290.821,340.821
Con 1,19.55,278.566,328.566
Con 1,19.6,271.519,321.519
Con 1,19.65,227.802,277.802
Con 1,19.7,237.272,287.272
Con 1,19.75,282.288,332.288
Con 1,19.8,252.499,302.499
Con 1,19.85,267.153,317.153
Con 1,19.9,255.857,305.857
Con 1,19.95,249.827,299.827
Con 1,20,261.298,311.298
Con 1,20.05,260.629,310.629
Con 1,20.1,264.527,314.527
Con 1,20.15,256.533,306.533
Con 1,20.2,265.019,315.019
Con 1,20.25,277.831,327.831
Con 1,20.3,277.513,327.513
Con 1,20.35,256.179,306.179
Con 1,20.4,279.908,329.908
Con 1,20.45,265.205,315.205
Con 1,20.5,261.233,311.233
Con 1,20.55,282.608,332.608
Con 1,20.6,234.053,284.053
Con 1,20.65,219.616,269.616
Con 1,20.7,234.353,284.353
Con 1,20.75,237.789,287.789
Con 1,20.8,249.333,299.333
Con 1,20.85,253.797,303.797
Con 1,20.9,227.511,277.511
Con 1,20.95,268.647,318.647
Con 1,21,249.62,299.62
Con 1,21.05,245.373,295.373
Con 1,21.1,247.075,297.075
Con 1,21.15,237.14,287.14
Con 1,21.2,240.769,290.769
Con 1,21.25,271.475,321.475
Con 1,21.3,247.212,297.212
Con 1,21.35,224.347,274.347
Con 1,21.4,240.857,290.857
Con 1,21.45,252.707,302.707
Con 1,21.5,268.694,318.694
Con 1,21.55,259.016,309.016
Con 1,21.6,255.539,305.539
Con 1,21.65,258.191,308.191
Con 1,21.7,259.659,309.659
Con 1,21.75,267.549,317.549
Con 1,21.8,253.43,303.43
Con 1,21.85,276.828,326.828
Con 1,21.9,311.438,361.438
Con 1,21.95,270.601,320.601
Con 1,22,261.444,311.444
Con 1,22.05,272.713,322.713
Con 1,22.1,250.676,300.676
Con 1,22.15,254.825,304.825
Con 1,22.2,240.928,290.928
Con 1,22.25,244.377,294.377
Con 1,22.3,291.41,341.41
Con 1,22.35,231.717,281.717
Con 1,22.4,244.796,294.796
Con 1,22.45,248.967,298.967
Con 1,22.5,257.623,307.623
Con 1,22.55,240.418,290.418
Con 1,22.6,236.727,286.727
Con 1,22.65,261.896,311.896
Con 1,22.7,233.305,283.305
Con 1,22.75,232.456,282.456
Con 1,22.8,254.108,304.108
Con 1,22.85,238.053,288.053
Con 1,22.9,273.271,323.271
Con 1,22.95,263.206,313.206
Con 1,23,262.512,312.512
Con 1,23.05,264.411,314.411
Con 1,23.1,235.735,285.735
Con 1,23.15,260.613,310.613
Con 1,23.2,279.191,329.191
Con 1,23.25,263.329,313.329
Con 1,23.3,260.282,310.282
Con 1,23.35,252.402,302.402
Con 1,23.4,234.854,284.854
Con 1,23.45,270.633,320.633
Con 1,23.5,228.754,278.754
Con 1,23.55,266.233,316.233
Con 1,23.6,252.816,302.816
Con 1,23.65,217.319,267.319
Con 1,23.7,249.391,299.391
Con 1,23.75,238.118,288.118
Con 1,23.8,261.231,311.231
Con 1,23.85,249.847,299.847
Con 1,23.9,230.928,280.928
Con 1,23.95,273.174,323.174
Con 1,24,272.546,322.546
Con 1,24.05,259.733,309.733
Con 1,24.1,284.325,334.325
Con 1,24.15,288.296,338.296
Con 1,24.2,323.692,373.692
Con 1,24.25,338.851,388.851
Con 1,24.3,299.801,349.801
Con 1,24.35,319.134,369.134
Con 1,24.4,257.718,307.718
Con 1,24.45,265.212,315.212
Con 1,24.5,248.802,298.802
Con 1,24.55,277.824,327.824
Con 1,24.6,262.377,312.377
Con 1,24.65,240.116,290.116
Con 1,24.7,252.761,302.761
Con 1,24.75,255.326,305.326
Con 1,24.8,217.912,267.912
Con 1,24.85,243.128,293.128
Con 1,24.9,240.234,290.234
Con 1,24.95,256.729,306.729
Con 1,25,215.755,265.755
Con 1,25.05,270.234,320.234
Con 1,25.1,230.525,280.525
Con 1,25.15,262.357,312.357
Con 1,25.2,262.531,312.531
Con 1,25.25,266.824,316.824
Con 1,25.3,219.829,269.829
Con 1,25.35,245.061,295.061
Con 1,25.4,242.908,292.908
Con 1,25.45,250.516,300.516
Con 1,25.5,226.987,276.987
Con 1,25.55,229.744,279.744
Con 1,25.6,212.776,262.776
Con 1,25.65,259.857,309.857
Con 1,25.7,242.065,292.065
Con 1,25.75,233.29,283.29
Con 1,25.8,286.045,336.045
Con 1,25.85,228.979,278.979
Con 1,25.9,232.834,282.834
Con 1,25.95,254.076,304.076
Con 1,26,239.95,289.95
Con 1,26.05,265.596,315.596
Con 1,26.1,231.809,281.809
Con 1,26.15,229.348,279.348
Con 1,26.2,209.956,259.956
Con 1,26.25,234.279,284.279
Con 1,26.3,201.08,251.08
Con 1,26.35,225.367,275.367
Con 1,26.4,243.512,293.512
Con 1,26.45,224.433,274.433
Con 1,26.5,240.847,290.847
Con 1,26.55,245.942,295.942
Con 1,26.6,236.029,286.029
Con 1,26.65,234.923,284.923
Con 1,26.7,232.59,282.59
Con 1,26.75,234.102,284.102
Con 1,26.8,236.643,286.643
Con 1,26.85,214.722,264.722
Con 1,26.9,215.519,265.519
Con 1,26.95,245.584,295.584
Con 1,27,230.935,280.935
Con 1,27.05,244.968,294.968
Con 1,27.1,201.194,251.194
Con 1,27.15,247.877,297.877
Con 1,27.2,232.308,282.308
Con 1,27.25,199.248,249.248
Con 1,27.3,228.155,278.155
Con 1,27.35,264.011,314.011
Con 1,27.4,280.544,330.544
Con 1,27.45,294.767,344.767
Con 1,27.5,325.973,375.973
Con 1,27.55,346.914,396.914
Con 1,27.6,389.976,439.976
Con 1,27.65,391.278,441.278
Con 1,27.7,379.781,429.781
Con 1,27.75,336.651,386.651
Con 1,27.8,313.441,363.441
Con 1,27.85,255.368,305.368
Con 1,27.9,239.707,289.707
Con 1,27.95,247.637,297.637
Con 1,28,224.731,274.731
Con 1,28.05,214.758,264.758
Con 1,28.1,246.981,296.981
Con 1,28.15,248.159,298.159
Con 1,28.2,210.078,260.078
Con 1,28.25,218.906,268.906
Con 1,28.3,209.037,259.037
Con 1,28.35,228.093,278.093
Con 1,28.4,232.051,282.051
Con 1,28.45,221.942,271.942
Con 1,28.5,205.118,255.118
Con 1,28.55,249.033,299.033
Con 1,28.6,239.94,289.94
Con 1,28.65,201.244,251.244
Con 1,28.7,221.585,271.585
Con 1,28.75,205.333,255.333
Con 1,28.8,208.559,258.559
Con 1,28.85,233.197,283.197
Con 1,28.9,233.302,283.302
Con 1,28.95,238.55,288.55
Con 1,29,248.248,298.248
Con 1,29.05,259.138,309.138
Con 1,29.1,220.494,270.494
Con 1,29.15,212.339,262.339
Con 1,29.2,232.588,282.588
Con 1,29.25,233.261,283.261
Con 1,29.3,238.501,288.501
Con 1,29.35,229.51,279.51
Con 1,29.4,228.604,278.604
Con 1,29.45,234.261,284.261
Con 1,29.5,255.748,305.748
Con 1,29.55,219.203,269.203
Con 1,29.6,242.724,292.724
Con 1,29.65,207.722,257.722
Con 1,29.7,219.237,269.237
Con 1,29.75,202.281,252.281
Con 1,29.8,227.392,277.392
Con 1,29.85,158.04,208.04
Con 1,29.9,240.033,290.033
Con 1,29.95,197.647,247.647
Con 1,30,211.75,261.75
Con 1,30.05,241.342,291.342
Con 1,30.1,237.773,287.773
Con 1,30.15,221.595,271.595
Con 1,30.2,214.697,264.697
Con 1,30.25,193.176,243.176
Con 1,30.3,224.989,274.989
Con 1,30.35,217.841,267.841
Con 1,30.4,251.191,301.191
Con 1,30.45,196.764,246.764
Con 1,30.5,252.875,302.875
Con 1,30.55,222.439,272.439
Con 1,30.6,266.089,316.089
Con 1,30.65,270.863,320.863
Con 1,30.7,255.694,305.694
Con 1,30.75,342.654,392.654
Con 1,30.8,439.633,489.633
Con 1,30.85,554.81,604.81
Con 1,30.9,632.235,682.235
Con 1,30.95,656.426,706.426
Con 1,31,626.769,676.769
Con 1,31.05,631.793,681.793
Con 1,31.1,440.663,490.663
Con 1,31.15,382.395,432.395
Con 1,31.2,321.08,371.08
Con 1,31.25,305.026,355.026
Con 1,31.3,284.461,334.461
Con 1,31.35,295.123,345.123
Con 1,31.4,311.476,361.476
Con 1,31.45,285.367,335.367
Con 1,31.5,276.461,326.461
Con 1,31.55,227.237,277.237
Con 1,31.6,213.271,263.271
Con 1,31.65,249.334,299.334
Con 1,31.7,204.94,254.94
Con 1,31.75,222.382,272.382
Con 1,31.8,228.162,278.162
Con 1,31.85,234.85,284.85
Con 1,31.9,282.051,332.051
Con 1,31.95,242.218,292.218
Con 1,32,218.95,268.95
Con 1,32.05,209.069,259.069
Con 1,32.1,236.288,286.288
Con 1,32.15,191.526,241.526
Con 1,32.2,217.761,267.761
Con 1,32.25,234.07,284.07
Con 1,32.3,217.809,267.809
Con 1,32.35,221.949,271.949
Con 1,32.4,216.908,266.908
Con 1,32.45,240.903,290.903
Con 1,32.5,193.517,243.517
Con 1,32.55,186.255,236.255
Con 1,32.6,191.339,241.339
Con 1,32.65,223.337,273.337
Con 1,32.7,199.114,249.114
Con 1,32.75,226.299,276.299
Con 1,32.8,189.502,239.502
Con 1,32.85,185.471,235.471
Con 1,32.9,199.748,249.748
Con 1,32.95,189.319,239.319
Con 1,33,185.224,235.224
Con 1,33.05,201.118,251.118
Con 1,33.1,210.867,260.867
Con 1,33.15,196.268,246.268
Con 1,33.2,188.162,238.162
Con 1,33.25,234.407,284.407
Con 1,33.3,220.754,270.754
Con 1,33.35,207.558,257.558
Con 1,33.4,222.087,272.087
Con 1,33.45,228.758,278.758
Con 1,33.5,203.772,253.772
Con 1,33.55,215.438,265.438
Con 1,33.6,230.273,280.273
Con 1,33.65,219.43,269.43
Con 1,33.7,231.081,281.081
Con 1,33.75,200.777,250.777
Con 1,33.8,189.957,239.957
Con 1,33.85,175.108,225.108
Con 1,33.9,163.366,213.366
Con 1,33.95,165.937,215.937
Con 1,34,190.437,240.437
Con 1,34.05,184.469,234.469
Con 1,34.1,231.081,281.081
Con 1,34.15,187.745,237.745
Con 1,34.2,183.237,233.237
Con 1,34.25,211.574,261.574
Con 1,34.3,200.083,250.083
Con 1,34.35,216.581,266.581
Con 1,34.4,181.273,231.273
Con 1,34.45,175.796,225.796
Con 1,34.5,166.176,216.176
Con 1,34.55,175.222,225.222
Con 1,34.6,165.668,215.668
Con 1,34.65,184.53,234.53
Con 1,34.7,188.763,238.763
Con 1,34.75,185.396,235.396
Con 1,34.8,192.367,242.367
Con 1,34.85,202.044,252.044
Con 1,34.9,175.325,225.325
Con 1,34.95,186.272,236.272
Con 1,35,167.207,217.207
Con 1,35.05,184.036,234.036
Con 1,35.1,181.744,231.744
Con 1,35.15,193.375,243.375
Con 1,35.2,172.331,222.331
Con 1,35.25,206.404,256.404
Con 1,35.3,171.797,221.797
Con 1,35.35,218.288,268.288
Con 1,35.4,161.195,211.195
Con 1,35.45,176.732,226.732
Con 1,35.5,153.386,203.386
Con 1,35.55,198.72,248.72
Con 1,35.6,196.183,246.183
Con 1,35.65,206.967,256.967
Con 1,35.7,195.43,245.43
Con 1,35.75,197.071,247.071
Con 1,35.8,232.019,282.019
Con 1,35.85,253.909,303.909
Con 1,35.9,296.253,346.253
Con 1,35.95,342.713,392.713
Con 1,36,364.188,414.188
Con 1,36.05,379.084,429.084
Con 1,36.1,365.895,415.895
Con 1,36.15,306.925,356.925
Con 1,36.2,280.798,330.798
Con 1,36.25,299.546,349.546
Con 1,36.3,262.2,312.2
Con 1,36.35,208.413,258.413
Con 1,36.4,226.323,276.323
Con 1,36.45,190.064,240.064
Con 1,36.5,165.107,215.107
Con 1,36.55,178.78,228.78
Con 1,36.6,163.108,213.108
Con 1,36.65,198.729,248.729
Con 1,36.7,205.625,255.625
Con 1,36.75,178.548,228.548
Con 1,36.8,173.387,223.387
Con 1,36.85,213.631,263.631
Con 1,36.9,204.723,254.723
Con 1,36.95,177.926,227.926
Con 1,37,167.141,217.141
Con 1,37.05,177.582,227.582
Con 1,37.1,184.927,234.927
Con 1,37.15,204.737,254.737
Con 1,37.2,166.896,216.896
Con 1,37.25,186.99,236.99
Con 1,37.3,163.062,213.062
Con 1,37.35,192.319,242.319
Con 1,37.4,192.398,242.398
Con 1,37.45,178.717,228.717
Con 1,37.5,203.816,253.816
Con 1,37.55,239.046,289.046
Con 1,37.6,276.617,326.617
Con 1,37.65,308.839,358.839
Con 1,37.7,384.675,434.675
Con 1,37.75,444.685,494.685
Con 1,37.8,489.421,539.421
Con 1,37.85,474.44,524.44
Con 1,37.9,460.392,510.392
Con 1,37.95,424.153,474.153
Con 1,38,374.6,424.6
Con 1,38.05,300.522,350.522
Con 1,38.1,255.327,305.327
Con 1,38.15,195.254,245.254
Con 1,38.2,225.836,275.836
Con 1,38.25,169.931,219.931
Con 1,38.3,195.217,245.217
Con 1,38.35,160.976,210.976
Con 1,38.4,208.396,258.396
Con 1,38.45,197.727,247.727
Con 1,38.5,178.12,228.12
Con 1,38.55,182.034,232.034
Con 1,38.6,215.578,265.578
Con 1,38.65,185.127,235.127
Con 1,38.7,203.306,253.306
Con 1,38.75,144.756,194.756
Con 1,38.8,135.087,185.087
Con 1,38.85,173.919,223.919
Con 1,38.9,150.845,200.845
Con 1,38.95,179.44,229.44
Con 1,39,174.197,224.197
Con 1,39.05,157.641,207.641
Con 1,39.1,174.118,224.118
Con 1,39.15,161.097,211.097
Con 1,39.2,169.433,219.433
Con 1,39.25,155.966,205.966
Con 1,39.3,174.709,224.709
Con 1,39.35,153.823,203.823
Con 1,39.4,171.009,221.009
Con 1,39.45,152.856,202.856
Con 1,39.5,164.053,214.053
Con 1,39.55,148.933,198.933
Con 1,39.6,169.164,219.164
Con 1,39.65,177.314,227.314
Con 1,39.7,170.626,220.626
Con 1,39.75,152.56,202.56
Con 1,39.8,163.177,213.177
Con 1,39.85,170.823,220.823
Con 1,39.9,190.186,240.186
Con 1,39.95,185.373,235.373
Con 1,40,186.618,236.618
Con 1,40.05,217.231,267.231
Con 1,40.1,185.923,235.923
Con 1,40.15,220.23,270.23
Con 1,40.2,277.269,327.269
Con 1,40.25,313.516,363.516
Con 1,40.3,363.515,413.515
Con 1,40.35,473.461,523.461
Con 1,40.4,513.335,563.335
Con 1,40.45,593.742,643.742
Con 1,40.5,541.375,591.375
Con 1,40.55,478.971,528.971
Con 1,40.6,436.94,486.94
Con 1,40.65,336.918,386.918
Con 1,40.7,318.832,368.832
Con 1,40.75,226.231,276.231
Con 1,40.8,221.468,271.468
Con 1,40.85,263.567,313.567
Con 1,40.9,309.779,359.779
Con 1,40.95,330.895,380.895
Con 1,41,365.44,415.44
Con 1,41.05,349.06,399.06
Con 1,41.1,401.673,451.673
Con 1,41.15,365.814,415.814
Con 1,41.2,304.836,354.836
Con 1,41.25,268.951,318.951
Con 1,41.3,257.103,307.103
Con 1,41.35,206.316,256.316
Con 1,41.4,185.431,235.431
Con 1,41.45,196.856,246.856
Con 1,41.5,192.956,242.956
Con 1,41.55,183.84,233.84
Con 1,41.6,178.504,228.504
Con 1,41.65,164.763,214.763
Con 1,41.7,151.654,201.654
Con 1,41.75,185.628,235.628
Con 1,41.8,179.488,229.488
Con 1,41.85,159.904,209.904
Con 1,41.9,164.712,214.712
Con 1,41.95,191.146,241.146
Con 1,42,158.54,208.54
Con 1,42.05,172,222
Con 1,42.1,178.716,228.716
Con 1,42.15,167.949,217.949
Con 1,42.2,186.881,236.881
Con 1,42.25,156.701,206.701
Con 1,42.3,164.041,214.041
Con 1,42.35,186.291,236.291
Con 1,42.4,189.259,239.259
Con 1,42.45,190.733,240.733
Con 1,42.5,196.487,246.487
Con 1,42.55,193.007,243.007
Con 1,42.6,184.144,234.144
Con 1,42.65,180.552,230.552
Con 1,42.7,180.286,230.286
Con 1,42.75,167.593,217.593
Con 1,42.8,143.101,193.101
Con 1,42.85,121.88,171.88
Con 1,42.9,170.673,220.673
Con 1,42.95,147.74,197.74
Con 1,43,126.21,176.21
Con 1,43.05,142.684,192.684
Con 1,43.1,136.49,186.49
Con 1,43.15,154.188,204.188
Con 1,43.2,123.547,173.547
Con 1,43.25,125.879,175.879
Con 1,43.3,131.323,181.323
Con 1,43.35,139.806,189.806
Con 1,43.4,147.84,197.84
Con 1,43.45,142.984,192.984
Con 1,43.5,164.522,214.522
Con 1,43.55,136.164,186.164
Con 1,43.6,126.268,176.268
Con 1,43.65,122.568,172.568
Con 1,43.7,143.02,193.02
Con 1,43.75,132.335,182.335
Con 1,43.8,158.904,208.904
Con 1,43.85,161.94,211.94
Con 1,43.9,137.887,187.887
Con 1,43.95,112.825,162.825
Con 1,44,147.918,197.918
Con 1,44.05,139.071,189.071
Con 1,44.1,142.199,192.199
Con 1,44.15,114.95,164.95
Con 1,44.2,154.553,204.553
Con 1,44.25,150.027,200.027
Con 1,44.3,153.809,203.809
Con 1,44.35,146.745,196.745
Con 1,44.4,186.823,236.823
Con 1,44.45,178.231,228.231
Con 1,44.5,176.889,226.889
Con 1,44.55,199.551,249.551
Con 1,44.6,184.568,234.568
Con 1,44.65,184.774,234.774
Con 1,44.7,157.535,207.535
Con 1,44.75,168.371,218.371
Con 1,44.8,180.64,230.64
Con 1,44.85,147.32,197.32
Con 1,44.9,160.361,210.361
Con 1,44.95,116.033,166.033
Con 1,45,133.588,183.588
Con 1,45.05,136.711,186.711
Con 1,45.1,152.919,202.919
Con 1,45.15,127.363,177.363
Con 1,45.2,135.938,185.938
Con 1,45.25,75.5618,125.5618
Con 1,45.3,120.811,170.811
Con 1,45.35,101.027,151.027
Con 1,45.4,130.359,180.359
Con 1,45.45,100.119,150.119
Con 1,45.5,115.004,165.004
Con 1,45.55,143.446,193.446
Con 1,45.6,117.508,167.508
Con 1,45.65,111.258,161.258
Con 1,45.7,112.895,162.895
Con 1,45.75,67.4865,117.4865
Con 1,45.8,129.437,179.437
Con 1,45.85,130.245,180.245
Con 1,45.9,130.125,180.125
Con 1,45.95,115.749,165.749
Con 1,46,164.925,214.925
Con 1,46.05,139.625,189.625
Con 1,46.1,169.451,219.451
Con 1,46.15,155.352,205.352
Con 1,46.2,130.955,180.955
Con 1,46.25,145.294,195.294
Con 1,46.3,161.873,211.873
Con 1,46.35,153.794,203.794
Con 1,46.4,155.55,205.55
Con 1,46.45,180.879,230.879
Con 1,46.5,168.402,218.402
Con 1,46.55,155.699,205.699
Con 1,46.6,175.621,225.621
Con 1,46.65,133.702,183.702
Con 1,46.7,159.464,209.464
Con 1,46.75,138.874,188.874
Con 1,46.8,159.225,209.225
Con 1,46.85,158.761,208.761
Con 1,46.9,192.033,242.033
Con 1,46.95,175.009,225.009
Con 1,47,196.722,246.722
Con 1,47.05,212.484,262.484
Con 1,47.1,196.186,246.186
Con 1,47.15,196.964,246.964
Con 1,47.2,142.217,192.217
Con 1,47.25,125.341,175.341
Con 1,47.3,151.682,201.682
Con 1,47.35,115.598,165.598
Con 1,47.4,91.1287,141.1287
Con 1,47.45,136.627,186.627
Con 1,47.5,149.987,199.987
Con 1,47.55,132.797,182.797
Con 1,47.6,100.158,150.158
Con 1,47.65,127.412,177.412
Con 1,47.7,112.822,162.822
Con 1,47.75,105.4,155.4
Con 1,47.8,115.557,165.557
Con 1,47.85,132.094,182.094
Con 1,47.9,161.429,211.429
Con 1,47.95,109.681,159.681
Con 1,48,155.587,205.587
Con 1,48.05,116.612,166.612
Con 1,48.1,160.516,210.516
Con 1,48.15,120.265,170.265
Con 1,48.2,128.395,178.395
Con 1,48.25,118.403,168.403
Con 1,48.3,93.5968,143.5968
Con 1,48.35,89.5229,139.5229
Con 1,48.4,101.996,151.996
Con 1,48.45,113.181,163.181
Con 1,48.5,127.387,177.387
Con 1,48.55,114.297,164.297
Con 1,48.6,135.816,185.816
Con 1,48.65,100.764,150.764
Con 1,48.7,84.727,134.727
Con 1,48.75,86.6809,136.6809
Con 1,48.8,92.692,142.692
Con 1,48.85,107.499,157.499
Con 1,48.9,105.439,155.439
Con 1,48.95,103.669,153.669
Con 1,49,77.7095,127.7095
Con 1,49.05,107.506,157.506
Con 1,49.1,123.493,173.493
Con 1,49.15,101.958,151.958
Con 1,49.2,108.224,158.224
Con 1,49.25,76.2097,126.2097
Con 1,49.3,99.8651,149.8651
Con 1,49.35,67.9239,117.9239
Con 1,49.4,101.204,151.204
Con 1,49.45,121.151,171.151
Con 1,49.5,104.863,154.863
Con 1,49.55,108.649,158.649
Con 1,49.6,111.693,161.693
Con 1,49.65,127.65,177.65
Con 1,49.7,118.059,168.059
Con 1,49.75,117.478,167.478
Con 1,49.8,90.2787,140.2787
Con 1,49.85,122.345,172.345
Con 1,49.9,118.775,168.775
Con 1,49.95,89.8928,139.8928
Con 1,50,107.976,157.976
Con 1,50.05,116.534,166.534
Con 1,50.1,171.39,221.39
Con 1,50.15,153.969,203.969
Con 1,50.2,135.075,185.075
Con 1,50.25,94.7354,144.7354
Con 1,50.3,106.966,156.966
Con 1,50.35,121.061,171.061
Con 1,50.4,65.0918,115.0918
Con 1,50.45,71.9542,121.9542
Con 1,50.5,121.402,171.402
Con 1,50.55,58.7172,108.7172
Con 1,50.6,84.2691,134.2691
Con 1,50.65,82.5535,132.5535
Con 1,50.7,77.8805,127.8805
Con 1,50.75,99.8161,149.8161
Con 1,50.8,70.6697,120.6697
Con 1,50.85,58.0795,108.0795
Con 1,50.9,62.7548,112.7548
Con 1,50.95,88.1838,138.1838
Con 1,51,91.79,141.79
Con 1,51.05,109.061,159.061
Con 1,51.1,64.2225,114.2225
Con 1,51.15,107.245,157.245
Con 1,51.2,86.059,136.059
Con 1,51.25,81.2461,131.2461
Con 1,51.3,90.0011,140.0011
Con 1,51.35,64.405,114.405
Con 1,51.4,63.436,113.436
Con 1,51.45,69.581,119.581
Con 1,51.5,87.349,137.349
Con 1,51.55,89.6439,139.6439
Con 1,51.6,82.7459,132.7459
Con 1,51.65,52.026,102.026
Con 1,51.7,73.882,123.882
Con 1,51.75,54.3819,104.3819
Con 1,51.8,92.2566,142.2566
Con 1,51.85,74.5632,124.5632
Con 1,51.9,64.6587,114.6587
Con 1,51.95,76.058,126.058
Con 1,52,93.2626,143.2626
Con 1,52.05,87.6444,137.6444
Con 1,52.1,70.9866,120.9866
Con 1,52.15,85.9904,135.9904
Con 1,52.2,82.7136,132.7136
Con 1,52.25,69.5509,119.5509
Con 1,52.3,70.8242,120.8242
Con 1,52.35,91.049,141.049
Con 1,52.4,66.2249,116.2249
Con 1,52.45,81.4266,131.4266
Con 1,52.5,71.5706,121.5706
Con 1,52.55,65.8283,115.8283
Con 1,52.6,62.5562,112.5562
Con 1,52.65,67.7473,117.7473
Con 1,52.7,66.227,116.227
Con 1,52.75,78.0457,128.0457
Con 1,52.8,74.3959,124.3959
Con 1,52.85,93.576,143.576
Con 1,52.9,69.4936,119.4936
Con 1,52.95,58.866,108.866
Con 1,53,94.7471,144.7471
Con 1,53.05,57.3549,107.3549
Con 1,53.1,89.2953,139.2953
Con 1,53.15,80.974,130.974
Con 1,53.2,67.3229,117.3229
Con 1,53.25,61.7873,111.7873
Con 1,53.3,57.8096,107.8096
Con 1,53.35,49.1076,99.1076
Con 1,53.4,55.5306,105.5306
Con 1,53.45,43.8203,93.8203
Con 1,53.5,56.6817,106.6817
Con 1,53.55,63.1829,113.1829
Con 1,53.6,44.9578,94.9578
Con 1,53.65,68.5781,118.5781
Con 1,53.7,67.5044,117.5044
Con 1,53.75,66.3568,116.3568
Con 1,53.8,82.8665,132.8665
Con 1,53.85,79.5872,129.5872
Con 1,53.9,61.5333,111.5333
Con 1,53.95,69.1629,119.1629
Con 1,54,52.2538,102.2538
Con 1,54.05,44.3445,94.3445
Con 1,54.1,74.7734,124.7734
Con 1,54.15,63.9124,113.9124
Con 1,54.2,71.4431,121.4431
Con 1,54.25,60.7149,110.7149
Con 1,54.3,67.14,117.14
Con 1,54.35,76.6598,126.6598
Con 1,54.4,53.9858,103.9858
Con 1,54.45,51.91,101.91
Con 1,54.5,59.5585,109.5585
Con 1,54.55,58.9488,108.9488
Con 1,54.6,22.6349,72.6349
Con 1,54.65,72.1955,122.1955
Con 1,54.7,69.5995,119.5995
Con 1,54.75,38.3267,88.3267
Con 1,54.8,44.6839,94.6839
Con 1,54.85,61.63,111.63
Con 1,54.9,38.858,88.858
Con 1,54.95,52.2131,102.2131
Con 1,55,81.5306,131.5306
Con 1,55.05,23.3579,73.3579
Con 1,55.1,65.4668,115.4668
Con 1,55.15,60.7591,110.7591
Con 2,5,201.417,501.417
Con 2,5.05,198.622,498.622
Con 2,5.1,247.526,547.526
Con 2,5.15,216.912,516.912
Con 2,5.2,210.494,510.494
Con 2,5.25,210.352,510.352
Con 2,5.3,240.632,540.632
Con 2,5.35,202.966,502.966
Con 2,5.4,214.885,514.885
Con 2,5.45,216.343,516.343
Con 2,5.5,258.864,558.864
Con 2,5.55,277.624,577.624
Con 2,5.6,213.154,513.154
Con 2,5.65,200.257,500.257
Con 2,5.7,215.871,515.871
Con 2,5.75,230.158,530.158
Con 2,5.8,225.704,525.704
Con 2,5.85,237.234,537.234
Con 2,5.9,191.459,491.459
Con 2,5.95,212.787,512.787
Con 2,6,217.381,517.381
Con 2,6.05,203.354,503.354
Con 2,6.1,212.905,512.905
Con 2,6.15,240.039,540.039
Con 2,6.2,238.033,538.033
Con 2,6.25,246.153,546.153
Con 2,6.3,187.116,487.116
Con 2,6.35,223.354,523.354
Con 2,6.4,173.414,473.414
Con 2,6.45,202.668,502.668
Con 2,6.5,209.173,509.173
Con 2,6.55,178.031,478.031
Con 2,6.6,238.083,538.083
Con 2,6.65,237.756,537.756
Con 2,6.7,248.305,548.305
Con 2,6.75,249.033,549.033
Con 2,6.8,195.268,495.268
Con 2,6.85,207.682,507.682
Con 2,6.9,225.842,525.842
Con 2,6.95,198.143,498.143
Con 2,7,232.653,532.653
Con 2,7.05,212.017,512.017
Con 2,7.1,195.508,495.508
Con 2,7.15,231.988,531.988
Con 2,7.2,230.499,530.499
Con 2,7.25,217.613,517.613
Con 2,7.3,205.686,505.686
Con 2,7.35,212.957,512.957
Con 2,7.4,244.148,544.148
Con 2,7.45,238.54,538.54
Con 2,7.5,236.043,536.043
Con 2,7.55,227.861,527.861
Con 2,7.6,190.332,490.332
Con 2,7.65,214.629,514.629
Con 2,7.7,213.866,513.866
Con 2,7.75,203.987,503.987
Con 2,7.8,219.247,519.247
Con 2,7.85,190.03,490.03
Con 2,7.9,212.425,512.425
Con 2,7.95,249.3,549.3
Con 2,8,258.209,558.209
Con 2,8.05,234.768,534.768
Con 2,8.1,227.879,527.879
Con 2,8.15,205.012,505.012
Con 2,8.2,209.024,509.024
Con 2,8.25,214.104,514.104
Con 2,8.3,210.595,510.595
Con 2,8.35,231.048,531.048
Con 2,8.4,216.242,516.242
Con 2,8.45,211.665,511.665
Con 2,8.5,220.816,520.816
Con 2,8.55,210.436,510.436
Con 2,8.6,229.514,529.514
Con 2,8.65,234.374,534.374
Con 2,8.7,228.694,528.694
Con 2,8.75,254.524,554.524
Con 2,8.8,244.084,544.084
Con 2,8.85,246.167,546.167
Con 2,8.9,251.161,551.161
Con 2,8.95,215.366,515.366
Con 2,9,232.152,532.152
Con 2,9.05,220.229,520.229
Con 2,9.1,215.371,515.371
Con 2,9.15,242.361,542.361
Con 2,9.2,235.138,535.138
Con 2,9.25,209.917,509.917
Con 2,9.3,213.408,513.408
Con 2,9.35,221.729,521.729
Con 2,9.4,241.236,541.236
Con 2,9.45,279.189,579.189
Con 2,9.5,263.816,563.816
Con 2,9.55,257.264,557.264
Con 2,9.6,269.896,569.896
Con 2,9.65,213.834,513.834
Con 2,9.7,268.135,568.135
Con 2,9.75,251.134,551.134
Con 2,9.8,263.332,563.332
Con 2,9.85,222.996,522.996
Con 2,9.9,233.35,533.35
Con 2,9.95,257.234,557.234
Con 2,10,268.457,568.457
Con 2,10.05,231.028,531.028
Con 2,10.1,258.888,558.888
Con 2,10.15,274.957,574.957
Con 2,10.2,273.04,573.04
Con 2,10.25,231.301,531.301
Con 2,10.3,257.617,557.617
Con 2,10.35,244.947,544.947
Con 2,10.4,253.363,553.363
Con 2,10.45,249.213,549.213
Con 2,10.5,252.385,552.385
Con 2,10.55,238.849,538.849
Con 2,10.6,205.6,505.6
Con 2,10.65,258.203,558.203
Con 2,10.7,264.076,564.076
Con 2,10.75,277.11,577.11
Con 2,10.8,268.22,568.22
Con 2,10.85,234.122,534.122
Con 2,10.9,254.257,554.257
Con 2,10.95,215.165,515.165
Con 2,11,230.846,530.846
Con 2,11.05,317.603,617.603
Con 2,11.1,296.389,596.389
Con 2,11.15,218.376,518.376
Con 2,11.2,274.019,574.019
Con 2,11.25,258.175,558.175
Con 2,11.3,263.221,563.221
Con 2,11.35,230.56,530.56
Con 2,11.4,273.8,573.8
Con 2,11.45,272.293,572.293
Con 2,11.5,276.829,576.829
Con 2,11.55,263.595,563.595
Con 2,11.6,257.759,557.759
Con 2,11.65,250.821,550.821
Con 2,11.7,273.018,573.018
Con 2,11.75,289.223,589.223
Con 2,11.8,257.364,557.364
Con 2,11.85,276.717,576.717
Con 2,11.9,266.9,566.9
Con 2,11.95,266.959,566.959
Con 2,12,270.544,570.544
Con 2,12.05,277.524,577.524
Con 2,12.1,284.345,584.345
Con 2,12.15,259.486,559.486
Con 2,12.2,279.105,579.105
Con 2,12.25,271.937,571.937
Con 2,12.3,266.755,566.755
Con 2,12.35,240.877,540.877
Con 2,12.4,284.844,584.844
Con 2,12.45,265.89,565.89
Con 2,12.5,248.733,548.733
Con 2,12.55,247.927,547.927
Con 2,12.6,250.377,550.377
Con 2,12.65,266.83,566.83
Con 2,12.7,277.89,577.89
Con 2,12.75,273.255,573.255
Con 2,12.8,276.833,576.833
Con 2,12.85,241.629,541.629
Con 2,12.9,274.001,574.001
Con 2,12.95,258.487,558.487
Con 2,13,270.248,570.248
Con 2,13.05,275.867,575.867
Con 2,13.1,283.599,583.599
Con 2,13.15,245.61,545.61
Con 2,13.2,286.006,586.006
Con 2,13.25,263.754,563.754
Con 2,13.3,280.381,580.381
Con 2,13.35,272.664,572.664
Con 2,13.4,258.411,558.411
Con 2,13.45,267.187,567.187
Con 2,13.5,260.225,560.225
Con 2,13.55,261.451,561.451
Con 2,13.6,281.103,581.103
Con 2,13.65,285.414,585.414
Con 2,13.7,253.371,553.371
Con 2,13.75,215.894,515.894
Con 2,13.8,256.76,556.76
Con 2,13.85,307.897,607.897
Con 2,13.9,243.906,543.906
Con 2,13.95,291.291,591.291
Con 2,14,296.907,596.907
Con 2,14.05,233.623,533.623
Con 2,14.1,253.852,553.852
Con 2,14.15,260.417,560.417
Con 2,14.2,263.671,563.671
Con 2,14.25,239.074,539.074
Con 2,14.3,277.65,577.65
Con 2,14.35,274.744,574.744
Con 2,14.4,281.919,581.919
Con 2,14.45,281.928,581.928
Con 2,14.5,259.43,559.43
Con 2,14.55,284.678,584.678
Con 2,14.6,249.195,549.195
Con 2,14.65,265.18,565.18
Con 2,14.7,280.379,580.379
Con 2,14.75,306.871,606.871
Con 2,14.8,287.218,587.218
Con 2,14.85,322.346,622.346
Con 2,14.9,283.518,583.518
Con 2,14.95,292.437,592.437
Con 2,15,298.072,598.072
Con 2,15.05,301.036,601.036
Con 2,15.1,258.299,558.299
Con 2,15.15,264.693,564.693
Con 2,15.2,278.367,578.367
Con 2,15.25,278.79,578.79
Con 2,15.3,273.476,573.476
Con 2,15.35,283.762,583.762
Con 2,15.4,259.376,559.376
Con 2,15.45,253.862,553.862
Con 2,15.5,290.098,590.098
Con 2,15.55,281.252,581.252
Con 2,15.6,263.922,563.922
Con 2,15.65,242.45,542.45
Con 2,15.7,272.981,572.981
Con 2,15.75,255.325,555.325
Con 2,15.8,274.787,574.787
Con 2,15.85,296.257,596.257
Con 2,15.9,257.458,557.458
Con 2,15.95,224.859,524.859
Con 2,16,297.041,597.041
Con 2,16.05,261.756,561.756
Con 2,16.1,305.939,605.939
Con 2,16.15,275.524,575.524
Con 2,16.2,294.713,594.713
Con 2,16.25,276.826,576.826
Con 2,16.3,299.23,599.23
Con 2,16.35,274.866,574.866
Con 2,16.4,287.702,587.702
Con 2,16.45,250.99,550.99
Con 2,16.5,319.496,619.496
Con 2,16.55,276.833,576.833
Con 2,16.6,226.316,526.316
Con 2,16.65,256.302,556.302
Con 2,16.7,264.969,564.969
Con 2,16.75,282.509,582.509
Con 2,16.8,285.713,585.713
Con 2,16.85,320.711,620.711
Con 2,16.9,270.918,570.918
Con 2,16.95,285.744,585.744
Con 2,17,297.333,597.333
Con 2,17.05,292.006,592.006
Con 2,17.1,289.632,589.632
Con 2,17.15,276.315,576.315
Con 2,17.2,275.993,575.993
Con 2,17.25,248.882,548.882
Con 2,17.3,296.482,596.482
Con 2,17.35,259.966,559.966
Con 2,17.4,270.381,570.381
Con 2,17.45,245.801,545.801
Con 2,17.5,285.218,585.218
Con 2,17.55,286.187,586.187
Con 2,17.6,317.382,617.382
Con 2,17.65,280.106,580.106
Con 2,17.7,270.923,570.923
Con 2,17.75,242.925,542.925
Con 2,17.8,290.02,590.02
Con 2,17.85,251.498,551.498
Con 2,17.9,264.675,564.675
Con 2,17.95,279.6,579.6
Con 2,18,286.058,586.058
Con 2,18.05,269.522,569.522
Con 2,18.1,272.776,572.776
Con 2,18.15,269.312,569.312
Con 2,18.2,240.478,540.478
Con 2,18.25,314.282,614.282
Con 2,18.3,271.245,571.245
Con 2,18.35,287.325,587.325
Con 2,18.4,262.039,562.039
Con 2,18.45,259.04,559.04
Con 2,18.5,281.766,581.766
Con 2,18.55,267.753,567.753
Con 2,18.6,260.119,560.119
Con 2,18.65,297.526,597.526
Con 2,18.7,318.885,618.885
Con 2,18.75,275.752,575.752
Con 2,18.8,282.37,582.37
Con 2,18.85,290.637,590.637
Con 2,18.9,243.88,543.88
Con 2,18.95,301.45,601.45
Con 2,19,269.186,569.186
Con 2,19.05,295.562,595.562
Con 2,19.1,297.334,597.334
Con 2,19.15,305.644,605.644
Con 2,19.2,257.277,557.277
Con 2,19.25,283.683,583.683
Con 2,19.3,247.839,547.839
Con 2,19.35,255.649,555.649
Con 2,19.4,275.582,575.582
Con 2,19.45,245.9,545.9
Con 2,19.5,264.875,564.875
Con 2,19.55,254.52,554.52
Con 2,19.6,275.101,575.101
Con 2,19.65,293.41,593.41
Con 2,19.7,268.537,568.537
Con 2,19.75,270.27,570.27
Con 2,19.8,276.682,576.682
Con 2,19.85,264.241,564.241
Con 2,19.9,272.834,572.834
Con 2,19.95,252.825,552.825
Con 2,20,263.932,563.932
Con 2,20.05,260.299,560.299
Con 2,20.1,295.292,595.292
Con 2,20.15,282.429,582.429
Con 2,20.2,279.058,579.058
Con 2,20.25,209.915,509.915
Con 2,20.3,291.467,591.467
Con 2,20.35,291.654,591.654
Con 2,20.4,280.416,580.416
Con 2,20.45,285.864,585.864
Con 2,20.5,314.459,614.459
Con 2,20.55,251.201,551.201
Con 2,20.6,309.191,609.191
Con 2,20.65,275.203,575.203
Con 2,20.7,276.856,576.856
Con 2,20.75,246.918,546.918
Con 2,20.8,265.228,565.228
Con 2,20.85,262.486,562.486
Con 2,20.9,262.008,562.008
Con 2,20.95,217.192,517.192
Con 2,21,242.101,542.101
Con 2,21.05,255.237,555.237
Con 2,21.1,262.03,562.03
Con 2,21.15,253.073,553.073
Con 2,21.2,236.921,536.921
Con 2,21.25,265.904,565.904
Con 2,21.3,282.467,582.467
Con 2,21.35,236.754,536.754
Con 2,21.4,241.603,541.603
Con 2,21.45,288.637,588.637
Con 2,21.5,275.291,575.291
Con 2,21.55,303.763,603.763
Con 2,21.6,231.484,531.484
Con 2,21.65,292.072,592.072
Con 2,21.7,254.263,554.263
Con 2,21.75,288.086,588.086
Con 2,21.8,274.325,574.325
Con 2,21.85,258.625,558.625
Con 2,21.9,290.984,590.984
Con 2,21.95,280.649,580.649
Con 2,22,297.736,597.736
Con 2,22.05,292.283,592.283
Con 2,22.1,277.53,577.53
Con 2,22.15,261.16,561.16
Con 2,22.2,275.023,575.023
Con 2,22.25,270.399,570.399
Con 2,22.3,272.792,572.792
Con 2,22.35,283.509,583.509
Con 2,22.4,260.188,560.188
Con 2,22.45,243.505,543.505
Con 2,22.5,272.532,572.532
Con 2,22.55,237.155,537.155
Con 2,22.6,270.562,570.562
Con 2,22.65,271.756,571.756
Con 2,22.7,249.768,549.768
Con 2,22.75,279.044,579.044
Con 2,22.8,269.302,569.302
Con 2,22.85,271.12,571.12
Con 2,22.9,295.163,595.163
Con 2,22.95,275.579,575.579
Con 2,23,316.797,616.797
Con 2,23.05,260.497,560.497
Con 2,23.1,316.517,616.517
Con 2,23.15,319.194,619.194
Con 2,23.2,281.647,581.647
Con 2,23.25,271.337,571.337
Con 2,23.3,243.887,543.887
Con 2,23.35,261.372,561.372
Con 2,23.4,218.073,518.073
Con 2,23.45,261.781,561.781
Con 2,23.5,240.814,540.814
Con 2,23.55,265.974,565.974
Con 2,23.6,273.561,573.561
Con 2,23.65,234.249,534.249
Con 2,23.7,240.711,540.711
Con 2,23.75,259.244,559.244
Con 2,23.8,277.22,577.22
Con 2,23.85,278.61,578.61
Con 2,23.9,244.969,544.969
Con 2,23.95,285.057,585.057
Con 2,24,289.715,589.715
Con 2,24.05,343.363,643.363
Con 2,24.1,354.546,654.546
Con 2,24.15,448.196,748.196
Con 2,24.2,466.428,766.428
Con 2,24.25,455.286,755.286
Con 2,24.3,420.242,720.242
Con 2,24.35,382.416,682.416
Con 2,24.4,267.765,567.765
Con 2,24.45,261.258,561.258
Con 2,24.5,325.493,625.493
Con 2,24.55,284.011,584.011
Con 2,24.6,278.529,578.529
Con 2,24.65,270.745,570.745
Con 2,24.7,276.91,576.91
Con 2,24.75,281.181,581.181
Con 2,24.8,257.797,557.797
Con 2,24.85,269.906,569.906
Con 2,24.9,265.03,565.03
Con 2,24.95,267.243,567.243
Con 2,25,272.275,572.275
Con 2,25.05,282.843,582.843
Con 2,25.1,309.083,609.083
Con 2,25.15,261.842,561.842
Con 2,25.2,280.841,580.841
Con 2,25.25,275.471,575.471
Con 2,25.3,243.753,543.753
Con 2,25.35,227.311,527.311
Con 2,25.4,237.109,537.109
Con 2,25.45,264.293,564.293
Con 2,25.5,261.997,561.997
Con 2,25.55,236.673,536.673
Con 2,25.6,255.291,555.291
Con 2,25.65,223.657,523.657
Con 2,25.7,246.662,546.662
Con 2,25.75,267.047,567.047
Con 2,25.8,269.846,569.846
Con 2,25.85,234.573,534.573
Con 2,25.9,256.866,556.866
Con 2,25.95,271.065,571.065
Con 2,26,233.269,533.269
Con 2,26.05,253.654,553.654
Con 2,26.1,242.616,542.616
Con 2,26.15,260.084,560.084
Con 2,26.2,248.628,548.628
Con 2,26.25,238.162,538.162
Con 2,26.3,248.02,548.02
Con 2,26.35,258.686,558.686
Con 2,26.4,245.359,545.359
Con 2,26.45,219.705,519.705
Con 2,26.5,244.72,544.72
Con 2,26.55,255.214,555.214
Con 2,26.6,244.676,544.676
Con 2,26.65,225.202,525.202
Con 2,26.7,219.295,519.295
Con 2,26.75,193.588,493.588
Con 2,26.8,227.824,527.824
Con 2,26.85,222.543,522.543
Con 2,26.9,258.172,558.172
Con 2,26.95,255.693,555.693
Con 2,27,254.444,554.444
Con 2,27.05,236.068,536.068
Con 2,27.1,225.975,525.975
Con 2,27.15,234.406,534.406
Con 2,27.2,269.874,569.874
Con 2,27.25,230.602,530.602
Con 2,27.3,270.643,570.643
Con 2,27.35,272.508,572.508
Con 2,27.4,289.327,589.327
Con 2,27.45,315.798,615.798
Con 2,27.5,401.083,701.083
Con 2,27.55,386.198,686.198
Con 2,27.6,430.351,730.351
Con 2,27.65,407.965,707.965
Con 2,27.7,405.372,705.372
Con 2,27.75,401.122,701.122
Con 2,27.8,296.949,596.949
Con 2,27.85,277.992,577.992
Con 2,27.9,258.093,558.093
Con 2,27.95,248.375,548.375
Con 2,28,223.903,523.903
Con 2,28.05,204.061,504.061
Con 2,28.1,245.467,545.467
Con 2,28.15,226.703,526.703
Con 2,28.2,248.518,548.518
Con 2,28.25,241.607,541.607
Con 2,28.3,261.38,561.38
Con 2,28.35,256.147,556.147
Con 2,28.4,250.615,550.615
Con 2,28.45,215.832,515.832
Con 2,28.5,224.011,524.011
Con 2,28.55,227.559,527.559
Con 2,28.6,232.603,532.603
Con 2,28.65,239.311,539.311
Con 2,28.7,210.404,510.404
Con 2,28.75,204.32,504.32
Con 2,28.8,230.948,530.948
Con 2,28.85,235.93,535.93
Con 2,28.9,232.829,532.829
Con 2,28.95,223.715,523.715
Con 2,29,218.094,518.094
Con 2,29.05,261.91,561.91
Con 2,29.1,206.026,506.026
Con 2,29.15,253.964,553.964
Con 2,29.2,242.861,542.861
Con 2,29.25,232.418,532.418
Con 2,29.3,241.338,541.338
Con 2,29.35,260.276,560.276
Con 2,29.4,281.761,581.761
Con 2,29.45,258.138,558.138
Con 2,29.5,258.145,558.145
Con 2,29.55,249.878,549.878
Con 2,29.6,231.383,531.383
Con 2,29.65,237.085,537.085
Con 2,29.7,225.046,525.046
Con 2,29.75,223.844,523.844
Con 2,29.8,231.694,531.694
Con 2,29.85,219.742,519.742
Con 2,29.9,243.729,543.729
Con 2,29.95,232.594,532.594
Con 2,30,223.877,523.877
Con 2,30.05,241.313,541.313
Con 2,30.1,259.35,559.35
Con 2,30.15,270.752,570.752
Con 2,30.2,260.057,560.057
Con 2,30.25,256.707,556.707
Con 2,30.3,261.149,561.149
Con 2,30.35,229.719,529.719
Con 2,30.4,242.497,542.497
Con 2,30.45,238.419,538.419
Con 2,30.5,262.078,562.078
Con 2,30.55,239.306,539.306
Con 2,30.6,269.248,569.248
Con 2,30.65,265.193,565.193
Con 2,30.7,343.285,643.285
Con 2,30.75,484.952,784.952
Con 2,30.8,653.798,953.798
Con 2,30.85,862.291,1162.291
Con 2,30.9,1102.06,1402.06
Con 2,30.95,1146.93,1446.93
Con 2,31,1061.25,1361.25
Con 2,31.05,925.584,1225.584
Con 2,31.1,683.403,983.403
Con 2,31.15,522.144,822.144
Con 2,31.2,438.272,738.272
Con 2,31.25,335.836,635.836
Con 2,31.3,345.67,645.67
Con 2,31.35,299.864,599.864
Con 2,31.4,327.13,627.13
Con 2,31.45,307.893,607.893
Con 2,31.5,263.614,563.614
Con 2,31.55,245.407,545.407
Con 2,31.6,252.117,552.117
Con 2,31.65,259.333,559.333
Con 2,31.7,232.948,532.948
Con 2,31.75,223.741,523.741
Con 2,31.8,246.735,546.735
Con 2,31.85,264.447,564.447
Con 2,31.9,246.188,546.188
Con 2,31.95,276.46,576.46
Con 2,32,261.573,561.573
Con 2,32.05,198.779,498.779
Con 2,32.1,229.58,529.58
Con 2,32.15,234.006,534.006
Con 2,32.2,192.027,492.027
Con 2,32.25,211.844,511.844
Con 2,32.3,212.162,512.162
Con 2,32.35,239.412,539.412
Con 2,32.4,241.253,541.253
Con 2,32.45,236.478,536.478
Con 2,32.5,215.722,515.722
Con 2,32.55,224.989,524.989
Con 2,32.6,212.295,512.295
Con 2,32.65,216.264,516.264
Con 2,32.7,215.643,515.643
Con 2,32.75,195.495,495.495
Con 2,32.8,196.261,496.261
Con 2,32.85,229.853,529.853
Con 2,32.9,203.645,503.645
Con 2,32.95,214.935,514.935
Con 2,33,194.523,494.523
Con 2,33.05,216.391,516.391
Con 2,33.1,230.83,530.83
Con 2,33.15,209.788,509.788
Con 2,33.2,194.884,494.884
Con 2,33.25,224.862,524.862
Con 2,33.3,222.349,522.349
Con 2,33.35,279.285,579.285
Con 2,33.4,227.299,527.299
Con 2,33.45,239.458,539.458
Con 2,33.5,256.988,556.988
Con 2,33.55,239.641,539.641
Con 2,33.6,211.471,511.471
Con 2,33.65,234.87,534.87
Con 2,33.7,239.704,539.704
Con 2,33.75,193.98,493.98
Con 2,33.8,192.091,492.091
Con 2,33.85,230.264,530.264
Con 2,33.9,208.144,508.144
Con 2,33.95,209.838,509.838
Con 2,34,192.839,492.839
Con 2,34.05,235.547,535.547
Con 2,34.1,203.446,503.446
Con 2,34.15,231.066,531.066
Con 2,34.2,195.656,495.656
Con 2,34.25,186.318,486.318
Con 2,34.3,187.63,487.63
Con 2,34.35,186.65,486.65
Con 2,34.4,188.401,488.401
Con 2,34.45,175.428,475.428
Con 2,34.5,182.91,482.91
Con 2,34.55,221.886,521.886
Con 2,34.6,207.726,507.726
Con 2,34.65,196.435,496.435
Con 2,34.7,208.852,508.852
Con 2,34.75,229.285,529.285
Con 2,34.8,230.71,530.71
Con 2,34.85,171.55,471.55
Con 2,34.9,206.709,506.709
Con 2,34.95,201.918,501.918
Con 2,35,204.58,504.58
Con 2,35.05,195.569,495.569
Con 2,35.1,168.28,468.28
Con 2,35.15,166.401,466.401
Con 2,35.2,220.529,520.529
Con 2,35.25,179.338,479.338
Con 2,35.3,181.994,481.994
Con 2,35.35,172.447,472.447
Con 2,35.4,219.356,519.356
Con 2,35.45,158.761,458.761
Con 2,35.5,214.211,514.211
Con 2,35.55,195.213,495.213
Con 2,35.6,189.995,489.995
Con 2,35.65,210.039,510.039
Con 2,35.7,232.656,532.656
Con 2,35.75,233.892,533.892
Con 2,35.8,242.228,542.228
Con 2,35.85,294.958,594.958
Con 2,35.9,343.133,643.133
Con 2,35.95,398.587,698.587
Con 2,36,364.62,664.62
Con 2,36.05,438.046,738.046
Con 2,36.1,386.629,686.629
Con 2,36.15,345.881,645.881
Con 2,36.2,359.724,659.724
Con 2,36.25,300.101,600.101
Con 2,36.3,284.693,584.693
Con 2,36.35,270.486,570.486
Con 2,36.4,271.677,571.677
Con 2,36.45,210.91,510.91
Con 2,36.5,209.178,509.178
Con 2,36.55,210.168,510.168
Con 2,36.6,185.142,485.142
Con 2,36.65,201.288,501.288
Con 2,36.7,192.666,492.666
Con 2,36.75,172.703,472.703
Con 2,36.8,209.723,509.723
Con 2,36.85,184.874,484.874
Con 2,36.9,176.914,476.914
Con 2,36.95,181.799,481.799
Con 2,37,193.46,493.46
Con 2,37.05,164.478,464.478
Con 2,37.1,179.993,479.993
Con 2,37.15,188.712,488.712
Con 2,37.2,200.308,500.308
Con 2,37.25,186.885,486.885
Con 2,37.3,203.395,503.395
Con 2,37.35,196.261,496.261
Con 2,37.4,207.047,507.047
Con 2,37.45,217.033,517.033
Con 2,37.5,173.038,473.038
Con 2,37.55,232.683,532.683
Con 2,37.6,278.42,578.42
Con 2,37.65,373.283,673.283
Con 2,37.7,427.236,727.236
Con 2,37.75,499.268,799.268
Con 2,37.8,532.468,832.468
Con 2,37.85,559.215,859.215
Con 2,37.9,553.203,853.203
Con 2,37.95,473.853,773.853
Con 2,38,402.346,702.346
Con 2,38.05,310.291,610.291
Con 2,38.1,290.253,590.253
Con 2,38.15,263.201,563.201
Con 2,38.2,242.144,542.144
Con 2,38.25,213.891,513.891
Con 2,38.3,171.179,471.179
Con 2,38.35,187.601,487.601
Con 2,38.4,244.012,544.012
Con 2,38.45,210.95,510.95
Con 2,38.5,210.245,510.245
Con 2,38.55,168.528,468.528
Con 2,38.6,196.337,496.337
Con 2,38.65,166.813,466.813
Con 2,38.7,178.015,478.015
Con 2,38.75,155.221,455.221
Con 2,38.8,180.476,480.476
Con 2,38.85,162.91,462.91
Con 2,38.9,156.858,456.858
Con 2,38.95,178.11,478.11
Con 2,39,184.794,484.794
Con 2,39.05,173.058,473.058
Con 2,39.1,184.805,484.805
Con 2,39.15,195.01,495.01
Con 2,39.2,162.529,462.529
Con 2,39.25,155.374,455.374
Con 2,39.3,192.078,492.078
Con 2,39.35,178.454,478.454
Con 2,39.4,187.027,487.027
Con 2,39.45,176.64,476.64
Con 2,39.5,143.908,443.908
Con 2,39.55,172.599,472.599
Con 2,39.6,146.326,446.326
Con 2,39.65,176.166,476.166
Con 2,39.7,159.927,459.927
Con 2,39.75,153.894,453.894
Con 2,39.8,168.178,468.178
Con 2,39.85,191.3,491.3
Con 2,39.9,191.431,491.431
Con 2,39.95,186.888,486.888
Con 2,40,170.197,470.197
Con 2,40.05,201.537,501.537
Con 2,40.1,199.369,499.369
Con 2,40.15,242.474,542.474
Con 2,40.2,247.988,547.988
Con 2,40.25,322.355,622.355
Con 2,40.3,408.003,708.003
Con 2,40.35,491.183,791.183
Con 2,40.4,560.331,860.331
Con 2,40.45,583.529,883.529
Con 2,40.5,589.868,889.868
Con 2,40.55,501.282,801.282
Con 2,40.6,498.944,798.944
Con 2,40.65,366.809,666.809
Con 2,40.7,331.611,631.611
Con 2,40.75,301.246,601.246
Con 2,40.8,242.157,542.157
Con 2,40.85,275.643,575.643
Con 2,40.9,300.667,600.667
Con 2,40.95,384.676,684.676
Con 2,41,387.828,687.828
Con 2,41.05,411.918,711.918
Con 2,41.1,429.64,729.64
Con 2,41.15,399.813,699.813
Con 2,41.2,361.468,661.468
Con 2,41.25,274.626,574.626
Con 2,41.3,251.175,551.175
Con 2,41.35,249.451,549.451
Con 2,41.4,174.345,474.345
Con 2,41.45,165.494,465.494
Con 2,41.5,180.945,480.945
Con 2,41.55,224.055,524.055
Con 2,41.6,172.057,472.057
Con 2,41.65,166.18,466.18
Con 2,41.7,157.73,457.73
Con 2,41.75,166.602,466.602
Con 2,41.8,196.196,496.196
Con 2,41.85,198.019,498.019
Con 2,41.9,153.862,453.862
Con 2,41.95,177.431,477.431
Con 2,42,161.931,461.931
Con 2,42.05,187.471,487.471
Con 2,42.1,176.9,476.9
Con 2,42.15,175.979,475.979
Con 2,42.2,154.906,454.906
Con 2,42.25,166.893,466.893
Con 2,42.3,185.811,485.811
Con 2,42.35,212.459,512.459
Con 2,42.4,188.157,488.157
Con 2,42.45,199.045,499.045
Con 2,42.5,206.675,506.675
Con 2,42.55,251.198,551.198
Con 2,42.6,215.185,515.185
Con 2,42.65,209.666,509.666
Con 2,42.7,193.276,493.276
Con 2,42.75,198.257,498.257
Con 2,42.8,159.038,459.038
Con 2,42.85,176.417,476.417
Con 2,42.9,170.067,470.067
Con 2,42.95,194.714,494.714
Con 2,43,149.933,449.933
Con 2,43.05,160.628,460.628
Con 2,43.1,124.297,424.297
Con 2,43.15,168.921,468.921
Con 2,43.2,157.293,457.293
Con 2,43.25,153.895,453.895
Con 2,43.3,158.086,458.086
Con 2,43.35,131.749,431.749
Con 2,43.4,146.57,446.57
Con 2,43.45,140.383,440.383
Con 2,43.5,134.172,434.172
Con 2,43.55,121.195,421.195
Con 2,43.6,133.948,433.948
Con 2,43.65,143.539,443.539
Con 2,43.7,131.84,431.84
Con 2,43.75,136.663,436.663
Con 2,43.8,142.085,442.085
Con 2,43.85,119.961,419.961
Con 2,43.9,148.309,448.309
Con 2,43.95,137.402,437.402
Con 2,44,128.175,428.175
Con 2,44.05,137.975,437.975
Con 2,44.1,141.136,441.136
Con 2,44.15,159.486,459.486
Con 2,44.2,143.209,443.209
Con 2,44.25,165.067,465.067
Con 2,44.3,182.748,482.748
Con 2,44.35,154.173,454.173
Con 2,44.4,186.374,486.374
Con 2,44.45,208.53,508.53
Con 2,44.5,226.163,526.163
Con 2,44.55,176.939,476.939
Con 2,44.6,178.735,478.735
Con 2,44.65,207.802,507.802
Con 2,44.7,174.309,474.309
Con 2,44.75,125.799,425.799
Con 2,44.8,152.65,452.65
Con 2,44.85,131.254,431.254
Con 2,44.9,152.297,452.297
Con 2,44.95,115.668,415.668
Con 2,45,130.638,430.638
Con 2,45.05,132.142,432.142
Con 2,45.1,121.59,421.59
Con 2,45.15,123.753,423.753
Con 2,45.2,127.525,427.525
Con 2,45.25,126.057,426.057
Con 2,45.3,119.118,419.118
Con 2,45.35,103.823,403.823
Con 2,45.4,159.752,459.752
Con 2,45.45,127.095,427.095
Con 2,45.5,139.832,439.832
Con 2,45.55,128.196,428.196
Con 2,45.6,127.92,427.92
Con 2,45.65,124.685,424.685
Con 2,45.7,154.919,454.919
Con 2,45.75,113.121,413.121
Con 2,45.8,143.803,443.803
Con 2,45.85,147.3,447.3
Con 2,45.9,148.323,448.323
Con 2,45.95,175.282,475.282
Con 2,46,182.834,482.834
Con 2,46.05,162.562,462.562
Con 2,46.1,189.84,489.84
Con 2,46.15,121.894,421.894
Con 2,46.2,157.746,457.746
Con 2,46.25,141.4,441.4
Con 2,46.3,158.221,458.221
Con 2,46.35,161.715,461.715
Con 2,46.4,197.068,497.068
Con 2,46.45,191.879,491.879
Con 2,46.5,183.298,483.298
Con 2,46.55,170.286,470.286
Con 2,46.6,153.761,453.761
Con 2,46.65,155.685,455.685
Con 2,46.7,163.574,463.574
Con 2,46.75,181.757,481.757
Con 2,46.8,165.933,465.933
Con 2,46.85,187.822,487.822
Con 2,46.9,185.752,485.752
Con 2,46.95,178.469,478.469
Con 2,47,232.355,532.355
Con 2,47.05,215.075,515.075
Con 2,47.1,203.85,503.85
Con 2,47.15,181.325,481.325
Con 2,47.2,167.951,467.951
Con 2,47.25,156.458,456.458
Con 2,47.3,161.194,461.194
Con 2,47.35,106.64,406.64
Con 2,47.4,112.088,412.088
Con 2,47.45,140.645,440.645
Con 2,47.5,125.585,425.585
Con 2,47.55,127.837,427.837
Con 2,47.6,99.6714,399.6714
Con 2,47.65,127.516,427.516
Con 2,47.7,88.4441,388.4441
Con 2,47.75,118.044,418.044
Con 2,47.8,101.083,401.083
Con 2,47.85,123.17,423.17
Con 2,47.9,121.388,421.388
Con 2,47.95,100.364,400.364
Con 2,48,130.05,430.05
Con 2,48.05,100.83,400.83
Con 2,48.1,127.133,427.133
Con 2,48.15,124.483,424.483
Con 2,48.2,150.007,450.007
Con 2,48.25,118.439,418.439
Con 2,48.3,90.455,390.455
Con 2,48.35,106.912,406.912
Con 2,48.4,121.468,421.468
Con 2,48.45,115.5,415.5
Con 2,48.5,95.5059,395.5059
Con 2,48.55,113.66,413.66
Con 2,48.6,104.552,404.552
Con 2,48.65,127.597,427.597
Con 2,48.7,109.805,409.805
Con 2,48.75,109.079,409.079
Con 2,48.8,92.1417,392.1417
Con 2,48.85,117.002,417.002
Con 2,48.9,117.725,417.725
Con 2,48.95,108.179,408.179
Con 2,49,125.161,425.161
Con 2,49.05,111.233,411.233
Con 2,49.1,90.6544,390.6544
Con 2,49.15,95.2538,395.2538
Con 2,49.2,96.0705,396.0705
Con 2,49.25,120.997,420.997
Con 2,49.3,117.872,417.872
Con 2,49.35,101.935,401.935
Con 2,49.4,124.839,424.839
Con 2,49.45,108.862,408.862
Con 2,49.5,129.638,429.638
Con 2,49.55,112.77,412.77
Con 2,49.6,111.704,411.704
Con 2,49.65,129.678,429.678
Con 2,49.7,135.018,435.018
Con 2,49.75,98.6352,398.6352
Con 2,49.8,116.767,416.767
Con 2,49.85,96.2638,396.2638
Con 2,49.9,105.539,405.539
Con 2,49.95,130.18,430.18
Con 2,50,130.407,430.407
Con 2,50.05,140.921,440.921
Con 2,50.1,185.69,485.69
Con 2,50.15,239.477,539.477
Con 2,50.2,147.092,447.092
Con 2,50.25,115.711,415.711
Con 2,50.3,137.637,437.637
Con 2,50.35,94.2455,394.2455
Con 2,50.4,85.6608,385.6608
Con 2,50.45,90.6208,390.6208
Con 2,50.5,84.5409,384.5409
Con 2,50.55,96.9862,396.9862
Con 2,50.6,98.6118,398.6118
Con 2,50.65,91.8154,391.8154
Con 2,50.7,69.5522,369.5522
Con 2,50.75,88.5195,388.5195
Con 2,50.8,80.7208,380.7208
Con 2,50.85,75.2099,375.2099
Con 2,50.9,92.1554,392.1554
Con 2,50.95,79.9458,379.9458
Con 2,51,99.2571,399.2571
Con 2,51.05,98.8648,398.8648
Con 2,51.1,111.319,411.319
Con 2,51.15,73.3351,373.3351
Con 2,51.2,71.9651,371.9651
Con 2,51.25,70.3198,370.3198
Con 2,51.3,81.8059,381.8059
Con 2,51.35,96.9781,396.9781
Con 2,51.4,66.313,366.313
Con 2,51.45,105.607,405.607
Con 2,51.5,60.659,360.659
Con 2,51.55,73.8534,373.8534
Con 2,51.6,83.6335,383.6335
Con 2,51.65,51.1306,351.1306
Con 2,51.7,85.7512,385.7512
Con 2,51.75,80.0961,380.0961
Con 2,51.8,44.9057,344.9057
Con 2,51.85,58.2967,358.2967
Con 2,51.9,70.4932,370.4932
Con 2,51.95,120.665,420.665
Con 2,52,81.4948,381.4948
Con 2,52.05,68.3353,368.3353
Con 2,52.1,77.1999,377.1999
Con 2,52.15,89.1161,389.1161
Con 2,52.2,62.1985,362.1985
Con 2,52.25,82.0153,382.0153
Con 2,52.3,78.4431,378.4431
Con 2,52.35,71.6941,371.6941
Con 2,52.4,79.2536,379.2536
Con 2,52.45,63.7781,363.7781
Con 2,52.5,54.1797,354.1797
Con 2,52.55,71.3856,371.3856
Con 2,52.6,56.6204,356.6204
Con 2,52.65,76.2188,376.2188
Con 2,52.7,55.5317,355.5317
Con 2,52.75,92.4464,392.4464
Con 2,52.8,62.4079,362.4079
Con 2,52.85,62.8568,362.8568
Con 2,52.9,53.6759,353.6759
Con 2,52.95,56.2703,356.2703
Con 2,53,57.5282,357.5282
Con 2,53.05,40.1924,340.1924
Con 2,53.1,80.9616,380.9616
Con 2,53.15,58.5881,358.5881
Con 2,53.2,69.8926,369.8926
Con 2,53.25,48.4167,348.4167
Con 2,53.3,81.8943,381.8943
Con 2,53.35,73.1863,373.1863
Con 2,53.4,48.4798,348.4798
Con 2,53.45,60.7645,360.7645
Con 2,53.5,95.4746,395.4746
Con 2,53.55,101.916,401.916
Con 2,53.6,97.0467,397.0467
Con 2,53.65,56.1501,356.1501
Con 2,53.7,76.0033,376.0033
Con 2,53.75,57.4515,357.4515
Con 2,53.8,70.5797,370.5797
Con 2,53.85,44.8325,344.8325
Con 2,53.9,63.2768,363.2768
Con 2,53.95,47.8176,347.8176
Con 2,54,72.1751,372.1751
Con 2,54.05,64.0748,364.0748
Con 2,54.1,67.806,367.806
Con 2,54.15,34.7054,334.7054
Con 2,54.2,75.8363,375.8363
Con 2,54.25,62.6187,362.6187
Con 2,54.3,62.4078,362.4078
Con 2,54.35,51.2946,351.2946
Con 2,54.4,44.8711,344.8711
Con 2,54.45,59.8401,359.8401
Con 2,54.5,53.345,353.345
Con 2,54.55,52.2264,352.2264
Con 2,54.6,51.7125,351.7125
Con 2,54.65,61.2556,361.2556
Con 2,54.7,40.9173,340.9173
Con 2,54.75,72.5999,372.5999
Con 2,54.8,62.2222,362.2222
Con 2,54.85,65.5736,365.5736
Con 2,54.9,50.5206,350.5206
Con 2,54.95,38.1512,338.1512
Con 2,55,65.4452,365.4452
Con 2,55.05,51.7439,351.7439
Con 2,55.1,54.7381,354.7381
Con 2,55.15,70.6474,370.6474